InvoiceID,TaxCategory,TaxRate,TaxableAmount,TaxAmount,ErrorScenarioCode
INV-2025-000001,S,5.00,648.55,32.43,
INV-2025-000002,S,5.00,2175.65,108.78,
INV-2025-000002,Z,0.00,17526.20,0.00,
INV-2025-000003,S,5.00,24643.14,1232.16,
INV-2025-000004,S,5.00,74513.37,3725.66,
INV-2025-000005,S,5.00,10040.13,502.02,
INV-2025-000006,S,5.00,9300.21,465.01,
INV-2025-000007,S,5.00,1105.23,55.26,
INV-2025-000008,S,5.00,374869.20,18743.46,
INV-2025-000009,E,0.00,556.00,0.00,
INV-2025-000010,S,5.00,98150.43,4907.52,
INV-2025-000011,S,5.00,1904.53,95.23,
INV-2025-000012,S,5.00,11284.35,564.21,
INV-2025-000013,E,0.00,19103.70,0.00,
INV-2025-000013,S,5.00,6794.91,339.75,
INV-2025-000014,S,5.00,6894.40,344.73,
INV-2025-000015,E,0.00,308.08,0.00,
INV-2025-000015,S,5.00,39818.88,1990.95,
INV-2025-000016,S,5.00,94.62,4.73,
INV-2025-000017,S,5.00,10188.43,509.42,
INV-2025-000018,S,5.00,1495.99,74.80,
INV-2025-000019,S,5.00,8078.08,403.90,
INV-2025-000020,S,5.00,122475.99,6123.80,
INV-2025-000021,S,5.00,944.03,47.20,
INV-2025-000022,S,5.00,3437.48,171.87,
INV-2025-000023,S,5.00,496.90,24.85,
INV-2025-000024,E,0.00,72712.64,0.00,
INV-2025-000024,S,5.00,27128.99,1356.45,
INV-2025-000025,E,0.00,3242.68,0.00,
INV-2025-000025,S,5.00,391.25,19.56,
INV-2025-000026,S,5.00,123.54,6.18,
INV-2025-000027,S,5.00,18634.62,931.73,
INV-2025-000028,S,5.00,1115.64,55.78,
INV-2025-000029,S,5.00,19397.03,969.85,
INV-2025-000030,S,5.00,38708.24,1935.41,
INV-2025-000031,S,5.00,5947.64,297.38,
INV-2025-000032,S,5.00,69388.41,3469.42,
INV-2025-000033,S,5.00,1297.31,64.87,
INV-2025-000034,E,0.00,6823.17,0.00,
INV-2025-000034,S,5.00,31014.58,1550.73,
INV-2025-000035,S,5.00,36.10,1.81,
INV-2025-000036,S,5.00,7255.88,362.80,
INV-2025-000037,S,5.00,2743.66,137.18,
INV-2025-000038,S,5.00,274482.57,13724.13,
INV-2025-000039,S,5.00,3561.67,178.08,
INV-2025-000040,S,5.00,2975.49,148.77,
INV-2025-000041,S,5.00,18755.16,937.76,
INV-2025-000042,S,5.00,2024.94,101.25,
INV-2025-000043,S,5.00,89671.25,4483.56,
INV-2025-000044,S,5.00,4805.18,240.27,
INV-2025-000045,S,5.00,199986.05,9999.31,
INV-2025-000046,S,5.00,9390.99,469.55,
INV-2025-000047,S,5.00,287.61,14.38,
INV-2025-000048,S,5.00,4548.00,227.40,
INV-2025-000049,S,5.00,11308.74,565.44,
INV-2025-000050,S,5.00,255340.71,12767.03,
INV-2025-000051,S,5.00,24703.94,1235.20,
INV-2025-000052,S,5.00,8723.28,436.16,
INV-2025-000053,S,5.00,4983.39,249.17,
INV-2025-000054,S,5.00,191460.94,9573.05,
INV-2025-000055,S,5.00,8142.86,407.14,
INV-2025-000056,S,5.00,932.82,46.64,
INV-2025-000057,S,5.00,13271.64,663.58,
INV-2025-000058,S,5.00,2199.12,109.96,
INV-2025-000059,E,0.00,117.21,0.00,
INV-2025-000059,S,5.00,100602.33,5030.12,
INV-2025-000060,E,0.00,1799.67,0.00,
INV-2025-000060,S,5.00,500.70,25.04,
INV-2025-000061,S,5.00,131876.69,6593.83,
INV-2025-000062,S,5.00,5359.98,268.00,
INV-2025-000063,S,5.00,8001.52,400.08,
INV-2025-000064,S,5.00,9302.90,465.15,
INV-2025-000065,S,5.00,948.04,47.40,
INV-2025-000066,E,0.00,570.12,0.00,
INV-2025-000066,S,5.00,11206.97,560.34,
INV-2025-000067,E,0.00,64401.30,0.00,
INV-2025-000067,S,5.00,121829.01,6091.45,
INV-2025-000068,S,5.00,9222.24,461.11,
INV-2025-000069,S,5.00,158.39,7.92,
INV-2025-000070,S,5.00,3933.48,196.68,
INV-2025-000071,S,5.00,797.40,39.87,
INV-2025-000072,S,5.00,10098.58,504.92,
INV-2025-000073,S,5.00,113303.90,5665.20,
INV-2025-000074,S,5.00,8447.43,422.37,
INV-2025-000075,S,5.00,11289.37,564.47,
INV-2025-000076,E,0.00,317.96,0.00,
INV-2025-000076,S,5.00,4797.10,239.86,
INV-2025-000077,S,5.00,550.53,27.53,
INV-2025-000078,S,5.00,3910.42,195.52,
INV-2025-000079,S,5.00,1840.38,92.02,
INV-2025-000080,S,5.00,2085.40,104.27,
INV-2025-000081,S,5.00,223.16,11.16,
INV-2025-000082,S,5.00,3185.28,159.26,
INV-2025-000083,S,5.00,2170.25,108.52,
INV-2025-000084,S,5.00,46405.32,2320.27,
INV-2025-000085,E,0.00,13125.02,0.00,
INV-2025-000085,S,5.00,3548.49,177.43,
INV-2025-000086,S,5.00,121353.86,6067.70,
INV-2025-000087,S,5.00,4217.58,210.88,
INV-2025-000088,S,5.00,245278.35,12263.92,
INV-2025-000089,S,5.00,1740.85,87.04,
INV-2025-000090,S,5.00,51994.86,2599.75,
INV-2025-000091,S,5.00,4492.88,224.64,
INV-2025-000092,S,5.00,175.98,8.79,
INV-2025-000093,S,5.00,26718.92,1335.94,
INV-2025-000094,S,5.00,14203.20,710.16,
INV-2025-000095,S,5.00,20258.94,1012.95,
INV-2025-000096,S,5.00,577721.59,28886.09,
INV-2025-000097,E,0.00,2664.66,0.00,
INV-2025-000097,S,5.00,5134.33,256.71,
INV-2025-000098,S,5.00,19130.78,956.54,
INV-2025-000099,S,5.00,591.94,29.60,
INV-2025-000100,S,5.00,4204.66,210.23,
INV-2025-000100,Z,0.00,13914.29,0.00,
INV-2025-000101,S,5.00,54269.00,2713.45,
INV-2025-000102,S,5.00,350271.65,17513.58,
INV-2025-000103,S,5.00,4892.89,244.65,
INV-2025-000104,S,5.00,2475.26,123.76,
INV-2025-000105,S,5.00,4207.49,210.38,
INV-2025-000106,E,0.00,4559.10,0.00,
INV-2025-000106,S,5.00,9369.53,468.48,
INV-2025-000107,E,0.00,727.23,0.00,
INV-2025-000107,S,5.00,1003.91,50.20,
INV-2025-000108,E,0.00,5793.97,0.00,
INV-2025-000108,S,5.00,1788.64,89.44,
INV-2025-000109,S,5.00,18263.84,913.19,
INV-2025-000110,S,5.00,8377.67,418.88,
INV-2025-000111,S,5.00,6940.08,347.00,
INV-2025-000112,S,5.00,669.90,33.50,
INV-2025-000113,S,5.00,9013.53,450.68,
INV-2025-000114,S,5.00,25614.33,1280.72,
INV-2025-000115,S,5.00,5988.84,299.44,
INV-2025-000116,S,5.00,157.92,7.90,
INV-2025-000117,S,5.00,173518.74,8675.94,
INV-2025-000118,E,0.00,749.80,0.00,
INV-2025-000118,S,5.00,165539.82,8277.00,
INV-2025-000119,S,5.00,13384.24,669.21,
INV-2025-000120,S,5.00,96.11,4.81,
INV-2025-000121,S,5.00,16061.66,803.08,
INV-2025-000122,S,5.00,3142.93,157.15,
INV-2025-000123,S,5.00,96180.33,4809.02,
INV-2025-000124,S,5.00,5018.03,250.90,
INV-2025-000125,E,0.00,1645.21,0.00,
INV-2025-000125,S,5.00,1539.85,76.99,
INV-2025-000126,S,5.00,260.79,13.04,
INV-2025-000127,S,5.00,8923.01,446.15,
INV-2025-000128,S,5.00,1951.39,97.57,
INV-2025-000129,E,0.00,832.26,0.00,
INV-2025-000129,S,5.00,3924.72,196.24,
INV-2025-000130,S,5.00,157.51,7.88,
INV-2025-000131,S,5.00,15015.13,750.76,
INV-2025-000132,S,5.00,1359.54,67.98,
INV-2025-000133,S,5.00,948.56,47.43,
INV-2025-000134,E,0.00,135.54,0.00,
INV-2025-000134,S,5.00,21029.98,1051.50,
INV-2025-000135,E,0.00,12647.79,0.00,
INV-2025-000135,S,5.00,112317.36,5615.87,
INV-2025-000136,S,5.00,55051.45,2752.56,
INV-2025-000137,S,5.00,608.90,30.45,
INV-2025-000138,S,5.00,718.29,35.92,
INV-2025-000139,S,5.00,2397.14,119.86,
INV-2025-000140,S,5.00,191505.99,9575.31,
INV-2025-000141,S,5.00,8497.04,424.85,
INV-2025-000142,S,5.00,59744.03,2987.20,
INV-2025-000143,S,5.00,6027.34,301.37,
INV-2025-000144,S,5.00,56314.62,2815.72,
INV-2025-000145,S,5.00,65130.56,3256.53,
INV-2025-000146,S,5.00,1868.45,93.43,
INV-2025-000147,S,5.00,17912.09,895.60,
INV-2025-000148,S,5.00,21.33,1.07,
INV-2025-000149,S,5.00,7997.22,399.86,
INV-2025-000150,S,5.00,38343.29,1917.16,
INV-2025-000151,S,5.00,10611.91,530.60,
INV-2025-000152,S,5.00,25057.13,1252.85,
INV-2025-000153,S,5.00,4709.32,235.46,
INV-2025-000154,E,0.00,372.22,0.00,
INV-2025-000154,S,5.00,43117.98,2155.90,
INV-2025-000155,S,5.00,1408.11,70.41,
INV-2025-000156,S,5.00,51686.58,2584.33,
INV-2025-000157,S,5.00,9900.25,495.02,
INV-2025-000158,S,5.00,521.46,26.07,
INV-2025-000159,S,5.00,48500.71,2425.04,
INV-2025-000160,E,0.00,2326.50,0.00,
INV-2025-000160,S,5.00,91084.22,4554.21,
INV-2025-000161,S,5.00,1978.64,98.93,
INV-2025-000161,Z,0.00,18665.97,0.00,
INV-2025-000162,S,5.00,217.27,10.86,
INV-2025-000163,S,5.00,26965.79,1348.28,
INV-2025-000164,S,5.00,6569.75,328.49,
INV-2025-000165,S,5.00,334796.29,16739.83,
INV-2025-000166,S,5.00,1187.74,59.39,
INV-2025-000167,S,5.00,6135.65,306.78,
INV-2025-000168,S,5.00,12009.46,600.47,
INV-2025-000169,E,0.00,1679.16,0.00,
INV-2025-000169,S,5.00,1278.79,63.94,
INV-2025-000170,E,0.00,31550.87,0.00,
INV-2025-000171,S,5.00,7644.90,382.25,
INV-2025-000172,S,5.00,41742.64,2087.14,
INV-2025-000173,S,5.00,2360.04,118.00,
INV-2025-000174,S,5.00,24162.86,1208.15,
INV-2025-000175,S,5.00,7883.52,394.18,
INV-2025-000176,S,5.00,5558.93,277.95,
INV-2025-000177,S,5.00,303.85,15.19,
INV-2025-000178,E,0.00,506.46,0.00,
INV-2025-000178,S,5.00,207056.31,10352.81,
INV-2025-000179,S,5.00,20453.84,1022.69,
INV-2025-000180,S,5.00,447.95,22.40,
INV-2025-000181,S,5.00,4966.58,248.33,
INV-2025-000182,S,5.00,20769.84,1038.49,
INV-2025-000183,S,5.00,11131.93,556.60,
INV-2025-000184,S,5.00,5157.26,257.86,
INV-2025-000185,S,5.00,7645.04,382.25,
INV-2025-000186,S,5.00,12468.29,623.41,
INV-2025-000187,S,5.00,17957.87,897.90,
INV-2025-000188,S,5.00,12940.69,647.03,
INV-2025-000189,S,5.00,129282.93,6464.14,
INV-2025-000190,S,5.00,3491.54,174.58,
INV-2025-000191,S,5.00,919.14,45.96,
INV-2025-000192,S,5.00,86968.68,4348.43,
INV-2025-000193,E,0.00,1453.50,0.00,
INV-2025-000193,S,5.00,3946.10,197.31,
INV-2025-000194,S,5.00,36701.91,1835.09,
INV-2025-000195,S,5.00,26959.03,1347.95,
INV-2025-000196,S,5.00,32071.73,1603.59,
INV-2025-000197,E,0.00,40382.32,0.00,
INV-2025-000197,S,5.00,160155.66,8007.79,
INV-2025-000198,S,5.00,6838.52,341.93,
INV-2025-000199,S,5.00,1769.21,88.46,
INV-2025-000200,S,5.00,8215.16,410.76,
INV-2025-000201,S,5.00,1329.30,66.47,
INV-2025-000202,S,5.00,9960.00,498.00,
INV-2025-000203,S,5.00,21970.78,1098.55,
INV-2025-000204,S,5.00,10037.56,501.88,
INV-2025-000205,S,5.00,3997.00,199.85,
INV-2025-000206,S,5.00,5127.30,256.37,
INV-2025-000207,S,5.00,3878.49,193.93,
INV-2025-000207,Z,0.00,3716.68,0.00,
INV-2025-000208,S,5.00,12360.10,618.01,
INV-2025-000209,S,5.00,91692.46,4584.63,
INV-2025-000210,S,5.00,4681.28,234.06,
INV-2025-000211,S,5.00,5502.49,275.13,
INV-2025-000212,S,5.00,2354.12,117.71,
INV-2025-000213,S,5.00,45550.41,2277.52,
INV-2025-000214,S,5.00,16522.92,826.15,
INV-2025-000215,S,5.00,17636.72,881.84,
INV-2025-000216,S,5.00,6551.59,327.59,
INV-2025-000217,S,5.00,28989.24,1449.47,
INV-2025-000218,S,5.00,389541.98,19477.10,
INV-2025-000219,S,5.00,1162.86,58.14,
INV-2025-000220,S,5.00,159.81,7.99,
INV-2025-000221,S,5.00,1885.38,94.27,
INV-2025-000222,S,5.00,4573.91,228.70,
INV-2025-000223,S,5.00,25687.45,1284.38,
INV-2025-000224,S,5.00,5007.36,250.87,ERR10_VAT_BREAKDOWN_INCONSISTENT
INV-2025-000224,Z,0.00,177.62,0.00,
INV-2025-000225,S,5.00,272.82,13.64,
INV-2025-000226,S,5.00,74.10,3.71,
INV-2025-000227,S,5.00,1034.24,51.71,
INV-2025-000228,S,5.00,293.49,14.67,
INV-2025-000229,S,5.00,556.92,27.85,
INV-2025-000230,S,5.00,343.89,17.19,
INV-2025-000231,S,5.00,46.37,2.32,
INV-2025-000232,S,5.00,109688.16,5484.41,
INV-2025-000233,S,5.00,60.64,3.03,
INV-2025-000234,S,5.00,11774.70,588.74,
INV-2025-000235,S,5.00,44817.91,2240.90,
INV-2025-000236,Z,0.00,23054.30,0.00,
INV-2025-000237,S,5.00,266738.49,13336.92,
INV-2025-000238,S,5.00,28911.45,1445.57,
INV-2025-000239,S,5.00,51236.12,2561.81,
INV-2025-000240,S,5.00,25021.15,1251.06,
INV-2025-000241,S,5.00,226148.31,11307.42,
INV-2025-000242,S,5.00,1405.71,70.29,
INV-2025-000243,S,5.00,89288.82,4464.44,
INV-2025-000244,S,5.00,274.92,13.75,
INV-2025-000244,Z,0.00,6543.18,0.00,
INV-2025-000245,S,5.00,11909.38,595.46,
INV-2025-000246,E,0.00,9917.88,0.00,
INV-2025-000246,S,5.00,45938.89,2296.94,
INV-2025-000247,S,5.00,26722.24,1336.12,
INV-2025-000248,E,0.00,282.49,0.00,
INV-2025-000248,S,5.00,51072.11,2553.61,
INV-2025-000249,S,5.00,310.69,15.53,
INV-2025-000250,S,5.00,795.68,39.78,
INV-2025-000251,S,5.00,22384.25,1119.21,
INV-2025-000252,S,5.00,2871.17,143.56,
INV-2025-000253,S,5.00,16072.62,803.62,
INV-2025-000254,E,0.00,359.43,0.00,
INV-2025-000254,S,5.00,374.07,18.70,
INV-2025-000255,S,5.00,12684.45,634.22,
INV-2025-000256,S,5.00,61331.83,3066.59,
INV-2025-000257,S,5.00,447.15,22.36,
INV-2025-000258,S,5.00,648.34,32.42,
INV-2025-000259,S,5.00,20852.54,1042.63,
INV-2025-000260,S,5.00,4072.53,203.62,
INV-2025-000261,S,5.00,31813.09,1590.66,
INV-2025-000261,Z,0.00,2589.64,0.00,
INV-2025-000262,S,5.00,133.64,6.68,
INV-2025-000263,S,5.00,159701.04,7985.06,
INV-2025-000264,S,5.00,233627.10,11681.36,
INV-2025-000265,S,5.00,31537.93,1576.91,
INV-2025-000266,E,0.00,277.19,0.00,
INV-2025-000266,S,5.00,3518.38,175.92,
INV-2025-000267,S,5.00,9130.38,456.52,
INV-2025-000268,S,5.00,15365.16,768.26,
INV-2025-000269,S,5.00,2502.55,125.12,
INV-2025-000270,S,5.00,5424.09,271.20,
INV-2025-000271,E,0.00,15993.00,0.00,
INV-2025-000271,S,5.00,136055.22,6802.76,
INV-2025-000272,S,5.00,13876.56,693.83,
INV-2025-000273,S,5.00,3127.05,156.35,
INV-2025-000274,S,5.00,4685.75,234.29,
INV-2025-000275,S,5.00,452.16,22.61,
INV-2025-000276,S,5.00,3440.03,172.00,
INV-2025-000277,E,0.00,2013.88,0.00,
INV-2025-000278,S,5.00,38271.68,1913.58,
INV-2025-000279,S,5.00,90694.45,4534.72,
INV-2025-000280,S,5.00,42.01,2.10,
INV-2025-000281,S,5.00,4514.44,225.72,
INV-2025-000282,S,5.00,209.42,10.47,
INV-2025-000283,S,5.00,1057.05,52.85,
INV-2025-000284,S,5.00,3292.26,164.61,
INV-2025-000285,S,5.00,657.06,32.85,
INV-2025-000286,S,5.00,84.73,4.24,
INV-2025-000287,S,5.00,1445.63,72.28,
INV-2025-000288,S,5.00,2549.55,127.48,
INV-2025-000289,S,5.00,4680.83,234.04,
INV-2025-000290,S,5.00,20498.36,1024.93,
INV-2025-000290,Z,0.00,2686.75,0.00,
INV-2025-000291,S,5.00,811.45,40.57,
INV-2025-000292,S,5.00,1109.10,55.46,
INV-2025-000293,E,0.00,5243.70,0.00,
INV-2025-000293,S,5.00,1600.97,80.05,
INV-2025-000294,S,5.00,3791.31,189.56,
INV-2025-000295,E,0.00,318.68,0.00,
INV-2025-000295,S,5.00,3484.35,174.21,
INV-2025-000296,S,5.00,34440.52,1722.02,
INV-2025-000297,S,5.00,1040.28,52.01,
INV-2025-000298,S,5.00,1019.53,50.98,
INV-2025-000299,S,5.00,650.29,32.51,
INV-2025-000300,S,5.00,11900.04,595.00,
INV-2025-000301,S,5.00,386.87,19.34,
INV-2025-000302,S,5.00,281.13,14.06,
INV-2025-000303,S,5.00,120685.52,6034.28,
INV-2025-000304,S,5.00,1761.22,88.06,
INV-2025-000305,S,5.00,1394.96,69.75,
INV-2025-000306,S,5.00,2437.91,121.89,
INV-2025-000307,S,5.00,40333.77,2016.69,
INV-2025-000308,S,5.00,107140.66,5357.04,
INV-2025-000309,S,5.00,74.88,3.74,
INV-2025-000310,S,5.00,2079.39,103.97,
INV-2025-000311,S,5.00,52070.63,2603.53,
INV-2025-000312,S,5.00,14793.80,739.69,
INV-2025-000313,S,5.00,498.90,24.95,
INV-2025-000313,Z,0.00,1641.49,0.00,
INV-2025-000314,S,5.00,13132.28,656.61,
INV-2025-000315,S,5.00,330.95,16.55,
INV-2025-000316,S,5.00,32838.10,1641.92,
INV-2025-000317,S,5.00,3221.69,161.09,
INV-2025-000318,S,5.00,3660.47,183.02,
INV-2025-000319,S,5.00,3022.64,151.13,
INV-2025-000320,S,5.00,2172.17,108.61,
INV-2025-000321,E,0.00,287.24,0.00,
INV-2025-000321,S,5.00,67863.20,3393.17,
INV-2025-000322,S,5.00,696.68,34.84,
INV-2025-000323,S,5.00,6037.30,301.87,
INV-2025-000324,E,0.00,28068.28,0.00,
INV-2025-000324,S,5.00,617.82,30.89,
INV-2025-000325,S,5.00,31269.19,1563.46,
INV-2025-000326,S,5.00,2235.66,111.78,
INV-2025-000327,S,5.00,600.76,30.04,
INV-2025-000328,S,5.00,67536.48,3376.83,
INV-2025-000329,S,5.00,5265.84,263.31,
INV-2025-000330,S,5.00,2481.25,124.06,
INV-2025-000331,S,5.00,5436.01,271.80,
INV-2025-000332,S,5.00,4966.88,248.35,
INV-2025-000333,S,5.00,21693.96,1084.70,
INV-2025-000334,S,5.00,4342.54,217.13,
INV-2025-000335,S,5.00,34994.08,1749.71,
INV-2025-000336,E,0.00,89373.50,0.00,
INV-2025-000337,S,5.00,4967.21,248.36,
INV-2025-000338,S,5.00,12144.21,607.23,
INV-2025-000339,S,5.00,11444.74,572.24,
INV-2025-000340,S,5.00,8165.29,408.27,
INV-2025-000341,S,5.00,18447.57,922.37,
INV-2025-000342,S,5.00,1454.51,72.73,
INV-2025-000343,S,5.00,29636.87,1481.84,
INV-2025-000344,S,5.00,3444.86,172.25,
INV-2025-000345,S,5.00,1194.05,59.70,
INV-2025-000346,S,5.00,20995.92,1049.80,
INV-2025-000347,S,5.00,935.76,47.29,ERR10_VAT_BREAKDOWN_INCONSISTENT
INV-2025-000348,S,5.00,75.33,3.76,
INV-2025-000349,S,5.00,68.91,3.45,
INV-2025-000350,S,5.00,163.53,8.18,
INV-2025-000351,S,5.00,178900.01,8945.00,
INV-2025-000352,S,5.00,13340.80,667.04,
INV-2025-000353,S,5.00,9208.08,460.41,
INV-2025-000354,S,5.00,33135.21,1656.76,
INV-2025-000355,E,0.00,467.02,0.00,
INV-2025-000355,S,5.00,84977.20,4248.87,
INV-2025-000356,S,5.00,158295.58,7914.78,
INV-2025-000357,S,5.00,3509.16,175.46,
INV-2025-000358,S,5.00,54741.72,2737.08,
INV-2025-000359,S,5.00,3904.92,195.25,
INV-2025-000360,S,5.00,80876.02,4043.81,
INV-2025-000361,S,5.00,3580.07,179.00,
INV-2025-000362,E,0.00,275.83,0.00,
INV-2025-000363,E,0.00,948.85,0.00,
INV-2025-000363,S,5.00,16847.79,842.39,
INV-2025-000364,E,0.00,11945.10,0.00,
INV-2025-000364,S,5.00,987.19,49.36,
INV-2025-000365,E,0.00,2265.06,0.00,
INV-2025-000365,S,5.00,34632.20,1731.61,
INV-2025-000366,S,5.00,206282.16,10314.11,
INV-2025-000367,S,5.00,7400.85,370.04,
INV-2025-000368,S,5.00,1911.00,95.55,
INV-2025-000369,S,5.00,203.58,10.18,
INV-2025-000370,E,0.00,14928.84,0.00,
INV-2025-000370,S,5.00,389.13,19.46,
INV-2025-000371,E,0.00,278.06,0.00,
INV-2025-000371,S,5.00,18689.68,934.48,
INV-2025-000372,E,0.00,15047.43,0.00,
INV-2025-000372,S,5.00,109059.48,5452.98,
INV-2025-000373,E,0.00,1230.79,0.00,
INV-2025-000373,S,5.00,27014.23,1350.72,
INV-2025-000374,S,5.00,30329.74,1516.49,
INV-2025-000375,S,5.00,3772.70,188.63,
INV-2025-000376,S,5.00,2214.59,110.73,
INV-2025-000377,S,5.00,46.60,2.33,
INV-2025-000378,S,5.00,34911.97,1745.60,
INV-2025-000379,E,0.00,2435.80,0.00,
INV-2025-000379,S,5.00,15447.00,772.35,
INV-2025-000380,S,5.00,6937.50,346.88,
INV-2025-000381,S,5.00,39600.28,1980.01,
INV-2025-000382,S,5.00,592.52,29.63,
INV-2025-000383,S,5.00,5700.79,285.04,
INV-2025-000384,S,5.00,37761.19,1888.06,
INV-2025-000385,S,5.00,18028.07,901.41,
INV-2025-000386,S,5.00,51110.63,2555.53,
INV-2025-000387,E,0.00,482.73,0.00,
INV-2025-000387,S,5.00,12827.28,641.36,
INV-2025-000388,S,5.00,23071.21,1153.56,
INV-2025-000389,S,5.00,328.88,16.44,
INV-2025-000390,S,5.00,68.95,3.45,
INV-2025-000391,E,0.00,777.27,0.00,
INV-2025-000391,S,5.00,16133.05,806.65,
INV-2025-000392,S,5.00,39324.31,1966.22,
INV-2025-000393,S,5.00,131534.13,6576.71,
INV-2025-000393,Z,0.00,71193.96,0.00,
INV-2025-000394,S,5.00,7145.42,357.27,
INV-2025-000395,S,5.00,4136.26,206.81,
INV-2025-000396,S,5.00,48031.83,2401.59,
INV-2025-000397,S,5.00,7919.61,395.98,
INV-2025-000398,S,5.00,2139.78,106.99,
INV-2025-000399,S,5.00,18012.55,900.63,
INV-2025-000400,E,0.00,845.82,0.00,
INV-2025-000400,S,5.00,114553.54,5727.68,
INV-2025-000401,E,0.00,221.42,0.00,
INV-2025-000401,S,5.00,5579.70,279.00,
INV-2025-000402,S,5.00,3814.98,190.75,
INV-2025-000403,S,5.00,27171.55,1358.58,
INV-2025-000404,S,5.00,1807.10,90.36,
INV-2025-000405,S,5.00,168.83,8.44,
INV-2025-000406,S,5.00,13887.90,694.40,
INV-2025-000407,S,5.00,56.11,2.81,
INV-2025-000408,S,5.00,6531.78,326.59,
INV-2025-000409,S,5.00,13319.78,665.98,
INV-2025-000410,S,5.00,23699.26,1184.97,
INV-2025-000411,S,5.00,412.65,20.63,
INV-2025-000412,S,5.00,11993.56,599.68,
INV-2025-000413,S,5.00,557.98,27.90,
INV-2025-000414,S,5.00,10665.95,533.30,
INV-2025-000414,Z,0.00,2679.14,0.00,
INV-2025-000415,S,5.00,693.80,34.69,
INV-2025-000416,S,5.00,1633.79,81.69,
INV-2025-000417,S,5.00,6744.14,337.21,
INV-2025-000418,E,0.00,10955.01,0.00,
INV-2025-000418,S,5.00,30890.96,1544.55,
INV-2025-000419,S,5.00,9639.34,481.96,
INV-2025-000420,S,5.00,10913.40,545.67,
INV-2025-000421,S,5.00,6975.49,348.77,
INV-2025-000422,S,5.00,35389.20,1769.46,
INV-2025-000422,Z,0.00,12615.40,0.00,
INV-2025-000423,E,0.00,770.29,0.00,
INV-2025-000423,S,5.00,813.04,40.66,
INV-2025-000424,S,5.00,380.01,19.00,
INV-2025-000425,S,5.00,3412.38,170.61,
INV-2025-000426,S,5.00,24246.09,1212.31,
INV-2025-000427,E,0.00,1464.67,0.00,
INV-2025-000427,S,5.00,4474.84,223.74,
INV-2025-000428,S,5.00,3288.49,164.42,
INV-2025-000429,S,5.00,16295.10,814.76,
INV-2025-000430,S,5.00,1333.42,66.67,
INV-2025-000431,E,0.00,138479.42,0.00,
INV-2025-000431,S,5.00,20910.32,1045.53,
INV-2025-000432,S,5.00,2947.44,147.37,
INV-2025-000433,S,5.00,85038.86,4251.95,
INV-2025-000434,S,5.00,12565.46,628.27,
INV-2025-000435,S,5.00,5745.73,287.28,
INV-2025-000436,S,5.00,3913.23,195.67,
INV-2025-000437,S,5.00,11066.53,553.33,
INV-2025-000438,S,5.00,13975.19,698.76,
INV-2025-000439,S,5.00,420.15,21.01,
INV-2025-000440,S,5.00,98243.11,4912.15,
INV-2025-000441,S,5.00,13814.19,690.71,
INV-2025-000442,S,5.00,1434.26,71.71,
INV-2025-000443,E,0.00,932.49,0.00,
INV-2025-000443,S,5.00,175666.18,8783.31,
INV-2025-000444,S,5.00,14254.35,712.72,
INV-2025-000010,E,0.00,438.39,0.00,ERR08_DUPLICATE_INVOICE_ID
INV-2025-000446,S,5.00,197859.41,9892.98,
INV-2025-000447,E,0.00,1991.98,0.00,
INV-2025-000447,S,5.00,18313.33,915.67,
INV-2025-000448,S,5.00,376.06,18.81,
INV-2025-000449,S,5.00,3310.22,165.51,
INV-2025-000450,S,5.00,306.38,15.32,
INV-2025-000451,S,5.00,2241.34,112.07,
INV-2025-000452,S,5.00,488793.37,24439.67,
INV-2025-000453,S,5.00,66069.45,3303.48,
INV-2025-000454,S,5.00,9112.62,455.63,
INV-2025-000455,S,5.00,24617.74,1230.89,
INV-2025-000456,E,0.00,15492.95,0.00,
INV-2025-000456,S,5.00,247.16,12.36,
INV-2025-000457,S,5.00,81801.96,4090.10,
INV-2025-000458,S,5.00,88857.62,4442.88,
INV-2025-000459,E,0.00,28259.28,0.00,
INV-2025-000459,S,5.00,17193.75,859.69,
INV-2025-000460,S,5.00,2580.85,129.04,
INV-2025-000461,S,5.00,25866.52,1293.33,
INV-2025-000461,Z,0.00,3540.79,0.00,
INV-2025-000462,S,5.00,11.70,0.59,
INV-2025-000463,S,5.00,2337.22,116.86,
INV-2025-000464,S,5.00,11137.26,556.86,
INV-2025-000465,S,5.00,7190.28,359.51,
INV-2025-000466,S,5.00,6128.92,306.43,
INV-2025-000467,S,5.00,119262.23,5963.11,
INV-2025-000468,S,5.00,1992.12,99.61,
INV-2025-000469,S,5.00,9190.94,459.55,
INV-2025-000470,S,5.00,11135.17,556.76,
INV-2025-000471,S,5.00,3620.27,181.01,
INV-2025-000472,S,5.00,844.19,42.21,
INV-2025-000473,S,5.00,22312.90,1115.64,
INV-2025-000474,S,5.00,28175.51,1408.78,
INV-2025-000475,S,5.00,8995.56,449.78,
INV-2025-000476,S,5.00,213.99,10.70,
INV-2025-000477,E,0.00,2509.68,0.00,
INV-2025-000477,S,5.00,5128.70,256.44,
INV-2025-000478,S,5.00,3052.79,152.64,
INV-2025-000479,S,5.00,1358.65,67.93,
INV-2025-000480,S,5.00,41450.23,2072.52,
INV-2025-000481,S,5.00,57065.80,2853.30,
INV-2025-000482,S,5.00,8632.26,431.60,
INV-2025-000483,S,5.00,5905.80,295.29,
INV-2025-000010,S,5.00,247.14,12.35,ERR08_DUPLICATE_INVOICE_ID
INV-2025-000485,E,0.00,2351.34,0.00,
INV-2025-000485,S,5.00,98442.24,4922.13,
INV-2025-000486,S,5.00,68.76,3.44,
INV-2025-000487,S,5.00,1839.32,91.97,
INV-2025-000488,S,5.00,1370.73,68.53,
INV-2025-000489,E,0.00,28970.10,0.00,
INV-2025-000489,S,5.00,5808.28,290.41,
INV-2025-000490,S,5.00,1418.38,70.91,
INV-2025-000491,S,5.00,6104.23,305.22,
INV-2025-000492,S,5.00,678.97,33.96,
INV-2025-000493,S,5.00,59959.37,2997.97,
INV-2025-000494,S,5.00,148720.71,7436.03,
INV-2025-000495,E,0.00,11031.89,0.00,
INV-2025-000495,S,5.00,164812.98,8240.65,
INV-2025-000496,S,5.00,2302.95,115.14,
INV-2025-000497,S,5.00,44858.94,2242.95,
INV-2025-000498,S,5.00,11218.25,560.91,
INV-2025-000499,S,5.00,31277.15,1563.86,
INV-2025-000500,S,5.00,2401.74,120.09,
INV-2025-000501,S,5.00,290458.52,14522.93,
INV-2025-000502,S,5.00,39098.55,1954.93,
INV-2025-000503,S,5.00,9631.00,481.55,
INV-2025-000504,S,5.00,17334.30,866.72,
INV-2025-000505,S,5.00,1673.41,83.68,
INV-2025-000506,S,5.00,13144.09,657.20,
INV-2025-000507,S,5.00,553.01,27.65,
INV-2025-000508,S,5.00,53.58,2.68,
INV-2025-000509,S,5.00,9333.60,466.69,
INV-2025-000510,S,5.00,580.22,29.01,
INV-2025-000511,S,5.00,8937.36,446.87,
INV-2025-000512,S,5.00,12195.52,609.78,
INV-2025-000513,S,5.00,175229.76,8761.48,
INV-2025-000514,S,5.00,88.17,4.41,
INV-2025-000515,S,5.00,162.01,8.10,
INV-2025-000516,S,5.00,231.43,11.57,
INV-2025-000517,S,5.00,10034.50,501.72,
INV-2025-000518,S,5.00,71.69,3.58,
INV-2025-000519,S,5.00,4131.00,206.55,
INV-2025-000520,S,5.00,1542.39,77.12,
INV-2025-000520,Z,0.00,5736.51,0.00,
INV-2025-000521,S,5.00,136182.36,6809.12,
INV-2025-000522,S,5.00,1654.92,82.75,
INV-2025-000523,S,5.00,5047.94,252.39,
INV-2025-000524,S,5.00,17802.93,890.14,
INV-2025-000525,S,5.00,1024.66,51.23,
INV-2025-000526,E,0.00,3460.09,0.00,
INV-2025-000526,S,5.00,890.91,44.55,
INV-2025-000527,S,5.00,1363.04,68.15,
INV-2025-000528,S,5.00,15467.41,773.37,
INV-2025-000529,S,5.00,57.66,2.88,
INV-2025-000530,E,0.00,1187.36,0.00,
INV-2025-000530,S,5.00,3915.61,195.78,
INV-2025-000531,S,5.00,35994.20,1799.70,
INV-2025-000532,S,5.00,2395.80,119.79,
INV-2025-000533,E,0.00,18139.50,0.00,
INV-2025-000533,S,5.00,1323.65,66.18,
INV-2025-000534,E,0.00,4432.40,0.00,
INV-2025-000534,S,5.00,423.01,21.15,
INV-2025-000535,S,5.00,3106.58,155.33,
INV-2025-000536,S,5.00,11467.05,573.35,
INV-2025-000537,S,5.00,5391.32,269.57,
INV-2025-000538,E,0.00,390.24,0.00,
INV-2025-000538,S,5.00,3330.64,166.54,
INV-2025-000539,S,5.00,48394.54,2419.73,
INV-2025-000540,S,5.00,1643.35,82.17,
INV-2025-000541,S,5.00,11211.83,560.59,
INV-2025-000542,S,5.00,2677.92,133.90,
INV-2025-000543,S,5.00,1144.02,57.20,
INV-2025-000544,S,5.00,1597.62,79.88,
INV-2025-000545,S,5.00,304.28,15.21,
INV-2025-000546,E,0.00,342.64,0.00,
INV-2025-000546,S,5.00,1046.39,52.32,
INV-2025-000546,Z,0.00,53909.44,0.00,
INV-2025-000547,S,5.00,4096.34,204.81,
INV-2025-000548,S,5.00,3181.05,159.06,
INV-2025-000549,E,0.00,2071.29,0.00,
INV-2025-000549,S,5.00,97.92,4.90,
INV-2025-000550,S,5.00,135082.03,6754.10,
INV-2025-000551,S,5.00,17303.96,865.20,
INV-2025-000552,S,5.00,87035.79,4351.79,
INV-2025-000553,S,5.00,3661.50,183.08,
INV-2025-000554,S,5.00,2483.84,124.19,
INV-2025-000555,S,5.00,7920.38,396.01,
INV-2025-000556,S,5.00,27121.91,1356.09,
INV-2025-000557,E,0.00,2788.78,0.00,
INV-2025-000557,S,5.00,28036.80,1401.84,
INV-2025-000558,S,5.00,26457.23,1322.86,
INV-2025-000559,Z,0.00,10559.31,0.00,
INV-2025-000560,S,5.00,6357.06,317.85,
INV-2025-000561,S,5.00,198.69,9.93,
INV-2025-000562,S,5.00,2271.75,113.59,
INV-2025-000563,S,5.00,53465.74,2673.28,
INV-2025-000564,E,0.00,249.19,0.00,
INV-2025-000564,S,5.00,657.60,32.88,
INV-2025-000565,E,0.00,355.76,0.00,
INV-2025-000565,S,5.00,375.43,18.77,
INV-2025-000566,S,5.00,4540.04,227.01,
INV-2025-000567,E,0.00,4008.48,0.00,
INV-2025-000567,S,5.00,25835.04,1291.75,
INV-2025-000568,S,5.00,370.33,18.52,
INV-2025-000568,Z,0.00,118161.82,0.00,
INV-2025-000569,S,5.00,3870.70,193.54,
INV-2025-000570,E,0.00,360.66,0.00,
INV-2025-000570,S,5.00,36922.97,1846.14,
INV-2025-000571,S,5.00,581.23,29.06,
INV-2025-000572,S,5.00,21806.75,1090.33,
INV-2025-000573,S,5.00,20030.82,1001.54,
INV-2025-000574,S,5.00,5823.67,291.18,
INV-2025-000575,S,5.00,134.22,6.71,
INV-2025-000576,S,5.00,87632.28,4381.61,
INV-2025-000577,S,5.00,319.14,15.96,
INV-2025-000578,S,5.00,20353.46,1017.68,
INV-2025-000579,S,5.00,16633.75,831.69,
INV-2025-000580,S,5.00,4646.36,232.32,
INV-2025-000580,Z,0.00,1115.98,0.00,
INV-2025-000581,S,5.00,514.50,25.73,
INV-2025-000582,S,5.00,20738.47,1036.92,
INV-2025-000583,S,5.00,178188.46,8909.42,
INV-2025-000584,E,0.00,3794.12,0.00,
INV-2025-000584,S,5.00,113.80,5.69,
INV-2025-000585,S,5.00,79760.45,3988.03,
INV-2025-000586,S,5.00,7646.31,382.31,
INV-2025-000587,S,5.00,139827.33,6991.37,
INV-2025-000588,E,0.00,46943.35,0.00,
INV-2025-000588,S,5.00,10218.88,510.95,
INV-2025-000589,S,5.00,348.36,17.42,
INV-2025-000590,E,0.00,397.12,0.00,
INV-2025-000590,S,5.00,1045.68,52.28,
INV-2025-000591,S,5.00,10699.89,534.99,
INV-2025-000592,S,5.00,18065.50,903.27,
INV-2025-000593,S,5.00,1177.90,58.89,
INV-2025-000594,S,5.00,3205.72,160.29,
INV-2025-000595,S,5.00,3799.78,189.98,
INV-2025-000596,Z,0.00,8824.87,0.00,
INV-2025-000597,S,5.00,3400.32,170.02,
INV-2025-000598,S,5.00,801.00,40.05,
INV-2025-000599,S,5.00,183791.04,9189.56,
INV-2025-000600,E,0.00,197.87,0.00,
INV-2025-000600,S,5.00,12507.21,625.37,
INV-2025-000601,S,5.00,3921.86,196.10,
INV-2025-000602,S,5.00,18144.36,907.21,
INV-2025-000603,E,0.00,429.33,0.00,
INV-2025-000604,S,5.00,940.92,47.05,
INV-2025-000605,E,0.00,24023.09,0.00,
INV-2025-000605,S,5.00,1920.33,96.02,
INV-2025-000606,S,5.00,2742.57,137.13,
INV-2025-000607,E,0.00,1251.92,0.00,
INV-2025-000607,S,5.00,27746.26,1387.31,
INV-2025-000608,S,5.00,150381.25,7519.06,
INV-2025-000609,S,5.00,8833.63,441.68,
INV-2025-000610,S,5.00,48287.22,2414.37,
INV-2025-000611,S,5.00,194.46,9.72,
INV-2025-000612,S,5.00,16975.37,848.77,
INV-2025-000613,E,0.00,2614.08,0.00,
INV-2025-000613,S,5.00,5986.92,299.35,
INV-2025-000614,S,5.00,21648.87,1082.45,
INV-2025-000615,S,5.00,2819.30,140.96,
INV-2025-000616,S,5.00,2825.25,141.26,
INV-2025-000617,S,5.00,2366.55,118.33,
INV-2025-000618,S,5.00,3582.63,179.13,
INV-2025-000619,S,5.00,892.67,44.63,
INV-2025-000620,S,5.00,7228.97,361.45,
INV-2025-000621,S,5.00,44227.40,2211.37,
INV-2025-000622,S,5.00,29.64,1.48,
INV-2025-000623,S,5.00,108579.11,5428.95,
INV-2025-000624,S,5.00,1304.40,65.22,
INV-2025-000625,S,5.00,10237.63,511.89,
INV-2025-000626,S,5.00,4707.63,235.38,
INV-2025-000627,S,5.00,349.70,17.49,
INV-2025-000628,E,0.00,1492.08,0.00,
INV-2025-000628,S,5.00,6730.34,336.52,
INV-2025-000629,E,0.00,9166.25,0.00,
INV-2025-000629,S,5.00,46872.45,2343.63,
INV-2025-000630,E,0.00,216.48,0.00,
INV-2025-000631,E,0.00,58411.99,0.00,
INV-2025-000631,S,5.00,278412.63,13920.63,
INV-2025-000632,S,5.00,6069.62,303.48,
INV-2025-000633,S,5.00,37270.35,1863.52,
INV-2025-000634,S,5.00,49769.60,2488.48,
INV-2025-000635,S,5.00,5424.62,271.23,
INV-2025-000636,S,5.00,201384.34,10069.22,
INV-2025-000637,S,5.00,14979.62,748.99,
INV-2025-000638,S,5.00,102.91,5.15,
INV-2025-000639,S,5.00,163104.76,8155.23,
INV-2025-000640,S,5.00,4624.14,231.21,
INV-2025-000641,E,0.00,3088.16,0.00,
INV-2025-000641,S,5.00,128308.92,6415.45,
INV-2025-000642,S,5.00,116262.08,5813.10,
INV-2025-000643,S,5.00,23449.77,1172.48,
INV-2025-000644,S,5.00,2415.39,120.77,
INV-2025-000645,S,5.00,30084.88,1504.25,
INV-2025-000646,E,0.00,2697.08,0.00,
INV-2025-000646,S,5.00,12467.39,623.37,
INV-2025-000647,E,0.00,17364.20,0.00,
INV-2025-000647,S,5.00,2681.84,134.09,
INV-2025-000648,S,5.00,22783.85,1139.20,
INV-2025-000649,S,5.00,22506.31,1125.32,
INV-2025-000650,S,5.00,949.24,47.46,
INV-2025-000651,S,5.00,11122.34,556.11,
INV-2025-000652,S,5.00,2026.90,101.35,
INV-2025-000653,S,5.00,13397.10,669.85,
INV-2025-000654,S,5.00,17254.41,862.72,
INV-2025-000655,S,5.00,11524.50,576.23,
INV-2025-000656,S,5.00,2125.55,106.28,
INV-2025-000657,S,5.00,2251.01,112.55,
INV-2025-000658,S,5.00,8352.64,417.63,
INV-2025-000659,S,5.00,17467.11,873.35,
INV-2025-000660,E,0.00,452.86,0.00,
INV-2025-000660,S,5.00,19368.61,968.43,
INV-2025-000661,S,5.00,6281.98,314.10,
INV-2025-000662,S,5.00,30776.90,1538.84,
INV-2025-000663,S,5.00,16338.36,816.92,
INV-2025-000664,S,5.00,2654.47,132.72,
INV-2025-000665,S,5.00,1799.42,89.97,
INV-2025-000666,E,0.00,469.37,0.00,
INV-2025-000666,S,5.00,5879.84,294.00,
INV-2025-000667,E,0.00,282.06,0.00,
INV-2025-000667,S,5.00,16756.72,837.84,
INV-2025-000668,S,5.00,94855.33,4742.77,
INV-2025-000669,S,5.00,114.51,5.73,
INV-2025-000669,Z,0.00,3867.88,0.00,
INV-2025-000670,S,5.00,20978.59,1048.93,
INV-2025-000671,S,5.00,13.74,0.69,
INV-2025-000672,S,5.00,6653.52,332.68,
INV-2025-000673,S,5.00,1856.34,92.82,
INV-2025-000674,S,5.00,1659.12,82.96,
INV-2025-000675,S,5.00,739.72,36.98,
INV-2025-000676,S,5.00,12723.88,636.20,
INV-2025-000677,S,5.00,233968.71,11698.43,
INV-2025-000678,S,5.00,109357.62,5467.90,
INV-2025-000679,S,5.00,361.63,18.08,
INV-2025-000680,E,0.00,390.34,0.00,
INV-2025-000680,S,5.00,10310.00,515.50,
INV-2025-000681,S,5.00,276.64,13.83,
INV-2025-000682,S,5.00,1539.49,76.97,
INV-2025-000683,S,5.00,23606.01,1180.31,
INV-2025-000684,E,0.00,1479.54,0.00,
INV-2025-000684,S,5.00,29753.23,1487.66,
INV-2025-000685,E,0.00,183.07,0.00,
INV-2025-000685,S,5.00,20493.94,1024.69,
INV-2025-000686,S,5.00,1663.34,83.17,
INV-2025-000687,S,5.00,34460.30,1723.02,
INV-2025-000688,S,5.00,743.81,37.20,
INV-2025-000689,S,5.00,14204.44,710.22,
INV-2025-000690,S,5.00,623.23,31.16,
INV-2025-000691,S,5.00,10317.54,515.88,
INV-2025-000692,S,5.00,242021.07,12101.05,
INV-2025-000693,S,5.00,470.92,23.55,
INV-2025-000694,S,5.00,39674.85,1983.75,
INV-2025-000695,S,5.00,1368.07,68.40,
INV-2025-000696,E,0.00,172.69,0.00,
INV-2025-000696,S,5.00,7459.43,372.97,
INV-2025-000696,Z,0.00,49610.00,0.00,
INV-2025-000697,S,5.00,11214.69,560.73,
INV-2025-000697,Z,0.00,95604.67,0.00,
INV-2025-000698,S,5.00,3076.86,153.84,
INV-2025-000699,S,5.00,17975.96,898.80,
INV-2025-000699,Z,0.00,119361.45,0.00,
INV-2025-000700,E,0.00,11727.66,0.00,
INV-2025-000700,S,5.00,476.71,23.84,
INV-2025-000701,S,5.00,74799.96,3740.01,
INV-2025-000702,S,5.00,1957.61,97.88,
INV-2025-000703,S,5.00,1492.07,74.60,
INV-2025-000704,S,5.00,41589.30,2079.45,
INV-2025-000705,S,5.00,6611.13,330.56,
INV-2025-000706,S,5.00,24221.89,1211.10,
INV-2025-000706,Z,0.00,157846.04,0.00,
INV-2025-000707,S,5.00,84.15,4.21,
INV-2025-000708,E,0.00,71529.20,0.00,
INV-2025-000708,S,5.00,1939.30,96.97,
INV-2025-000709,E,0.00,3521.47,0.00,
INV-2025-000709,S,5.00,256857.91,12842.89,
INV-2025-000710,S,5.00,25087.03,1254.36,
INV-2025-000711,S,5.00,51632.59,2581.63,
INV-2025-000712,S,5.00,2441.94,122.10,
INV-2025-000713,S,5.00,1014.42,50.72,
INV-2025-000714,S,5.00,21975.92,1098.80,
INV-2025-000715,S,5.00,101598.66,5079.93,
INV-2025-000716,S,5.00,21688.47,1084.44,
INV-2025-000717,S,5.00,8984.99,449.26,
INV-2025-000718,S,5.00,59796.86,2989.85,
INV-2025-000719,S,5.00,70903.74,3545.19,
INV-2025-000720,S,5.00,662.20,33.11,
INV-2025-000721,S,5.00,96.74,4.84,
INV-2025-000722,S,5.00,12993.63,649.71,
INV-2025-000723,S,5.00,160.70,8.04,
INV-2025-000724,E,0.00,1750.80,0.00,
INV-2025-000724,S,5.00,496.41,24.82,
INV-2025-000725,S,5.00,8532.74,426.64,
INV-2025-000726,S,5.00,2606.62,130.33,
INV-2025-000727,S,5.00,5811.96,290.60,
INV-2025-000728,S,5.00,152.71,7.64,
INV-2025-000729,S,5.00,20722.18,1036.11,
INV-2025-000730,S,5.00,1308.20,65.41,
INV-2025-000731,S,5.00,2933.12,146.66,
INV-2025-000732,S,5.00,84.84,4.24,
INV-2025-000733,S,5.00,2164.42,108.22,
INV-2025-000734,S,5.00,16442.02,822.10,
INV-2025-000735,S,5.00,26504.57,1325.23,
INV-2025-000736,S,5.00,3137.44,156.87,
INV-2025-000737,S,5.00,3775.82,188.79,
INV-2025-000738,S,5.00,2343.08,117.16,
INV-2025-000739,S,5.00,11904.81,595.25,
INV-2025-000740,S,5.00,3835.62,191.78,
INV-2025-000741,S,5.00,8389.37,419.47,
INV-2025-000742,S,5.00,23078.65,1153.93,
INV-2025-000743,S,5.00,8766.31,438.32,
INV-2025-000744,S,5.00,1592.82,79.64,
INV-2025-000745,S,5.00,6271.54,313.58,
INV-2025-000746,S,5.00,57811.44,2890.57,
INV-2025-000747,E,0.00,621.46,0.00,
INV-2025-000747,S,5.00,3130.71,156.54,
INV-2025-000748,S,5.00,8159.58,407.98,
INV-2025-000749,S,5.00,3657.12,182.86,
INV-2025-000750,S,5.00,16413.73,820.70,
INV-2025-000751,S,5.00,64418.03,3220.90,
INV-2025-000752,E,0.00,1383.15,0.00,
INV-2025-000752,S,5.00,3743.58,187.18,
INV-2025-000753,S,5.00,1299.79,64.99,
INV-2025-000754,E,0.00,476.57,0.00,
INV-2025-000754,S,5.00,14851.98,742.60,
INV-2025-000755,S,5.00,2463.07,123.15,
INV-2025-000756,S,5.00,326.44,16.32,
INV-2025-000757,S,5.00,4231.01,211.55,
INV-2025-000758,S,5.00,7639.82,381.99,
INV-2025-000759,S,5.00,75.08,3.75,
INV-2025-000760,S,5.00,23247.62,1162.88,ERR10_VAT_BREAKDOWN_INCONSISTENT
INV-2025-000761,S,5.00,54979.44,2748.97,
INV-2025-000762,S,5.00,2805.36,140.27,
INV-2025-000763,E,0.00,578.44,0.00,
INV-2025-000763,S,5.00,13623.36,681.17,
INV-2025-000764,S,5.00,27937.96,1396.90,
INV-2025-000765,S,5.00,9321.56,466.08,
INV-2025-000766,S,5.00,110649.31,5532.47,
INV-2025-000767,S,5.00,555.57,27.78,
INV-2025-000768,S,5.00,176.90,8.85,
INV-2025-000769,S,5.00,1073.72,53.69,
INV-2025-000770,S,5.00,475.74,23.79,
INV-2025-000771,S,5.00,30.72,1.54,
INV-2025-000772,S,5.00,3195.50,159.78,
INV-2025-000773,S,5.00,14471.97,723.60,
INV-2025-000774,S,5.00,4845.60,242.28,
INV-2025-000775,S,5.00,10268.55,513.43,
INV-2025-000776,S,5.00,412.87,20.64,
INV-2025-000777,E,0.00,534.16,0.00,
INV-2025-000777,S,5.00,10266.44,513.33,
INV-2025-000778,S,5.00,114959.00,5747.94,
INV-2025-000779,S,5.00,5777.10,288.86,
INV-2025-000780,S,5.00,10537.86,526.89,
INV-2025-000781,S,5.00,22716.19,1135.81,
INV-2025-000782,S,5.00,71464.65,3573.23,
INV-2025-000783,S,5.00,6489.70,324.49,
INV-2025-000784,S,5.00,2392.74,119.64,
INV-2025-000785,S,5.00,166.61,8.33,
INV-2025-000786,S,5.00,13189.19,659.46,
INV-2025-000787,S,5.00,10789.04,539.45,
INV-2025-000788,S,5.00,542.60,27.13,
INV-2025-000789,E,0.00,8634.92,0.00,
INV-2025-000789,S,5.00,11363.48,568.18,
INV-2025-000790,S,5.00,19817.10,990.86,
INV-2025-000791,E,0.00,13287.80,0.00,
INV-2025-000792,S,5.00,4350.50,217.53,
INV-2025-000793,S,5.00,10153.93,507.70,
INV-2025-000794,E,0.00,635.28,0.00,
INV-2025-000794,S,5.00,70664.86,3533.25,
INV-2025-000795,S,5.00,16853.16,842.66,
INV-2025-000796,S,5.00,34684.54,1734.23,
INV-2025-000797,S,5.00,1204.56,60.23,
INV-2025-000798,S,5.00,5420.55,271.03,
INV-2025-000799,S,5.00,1274.70,63.74,
INV-2025-000800,S,5.00,57299.60,2864.98,
INV-2025-000801,S,5.00,903.98,45.20,
INV-2025-000802,Z,0.00,9437.73,0.00,
INV-2025-000803,E,0.00,469.41,0.00,
INV-2025-000803,S,5.00,10965.69,548.28,
INV-2025-000804,E,0.00,17374.00,0.00,
INV-2025-000804,S,5.00,2079.12,103.96,
INV-2025-000805,E,0.00,1210.67,0.00,
INV-2025-000805,S,5.00,270.87,13.54,
INV-2025-000806,E,0.00,2122.33,0.00,
INV-2025-000806,S,5.00,9576.31,478.81,
INV-2025-000807,Z,0.00,4509.75,0.00,
INV-2025-000808,E,0.00,7172.71,0.00,
INV-2025-000809,S,5.00,93272.40,4663.62,
INV-2025-000810,S,5.00,1983.92,99.19,
INV-2025-000811,S,5.00,1504.03,75.20,
INV-2025-000812,E,0.00,1499.78,0.00,
INV-2025-000813,S,5.00,5585.36,279.27,
INV-2025-000814,S,5.00,85.41,4.27,
INV-2025-000815,S,5.00,612.76,30.64,
INV-2025-000816,S,5.00,5086.20,254.31,
INV-2025-000817,S,5.00,2106.49,105.33,
INV-2025-000818,S,5.00,341.34,17.07,
INV-2025-000819,Z,0.00,3831.78,0.00,
INV-2025-000820,S,5.00,5385.54,269.27,
INV-2025-000821,S,5.00,24069.55,1203.48,
INV-2025-000822,S,5.00,1252.13,62.61,
INV-2025-000823,E,0.00,9127.02,0.00,
INV-2025-000823,S,5.00,3585.66,179.28,
INV-2025-000824,S,5.00,2552.70,127.64,
INV-2025-000825,S,5.00,517.78,25.89,
INV-2025-000826,S,5.00,1644.55,82.23,
INV-2025-000827,S,5.00,11943.90,597.19,
INV-2025-000828,S,5.00,90.19,4.51,
INV-2025-000829,S,5.00,1825.18,91.26,
INV-2025-000830,E,0.00,1079.35,0.00,
INV-2025-000830,S,5.00,13431.42,671.58,
INV-2025-000831,S,5.00,716.48,35.82,
INV-2025-000832,S,5.00,3075.83,153.79,
INV-2025-000833,S,5.00,132.67,6.63,
INV-2025-000834,S,5.00,95523.71,4776.19,
INV-2025-000835,S,5.00,988.60,49.43,
INV-2025-000836,S,5.00,2378.49,118.92,
INV-2025-000837,S,5.00,15019.05,750.95,
INV-2025-000838,S,5.00,25400.80,1270.03,
INV-2025-000839,S,5.00,3878.10,193.91,
INV-2025-000840,S,5.00,159.03,7.95,
INV-2025-000841,S,5.00,124962.45,6248.13,
INV-2025-000842,E,0.00,1666.65,0.00,
INV-2025-000842,S,5.00,70988.60,3549.43,
INV-2025-000843,S,5.00,12499.20,624.96,
INV-2025-000844,S,5.00,10931.22,546.56,
INV-2025-000845,E,0.00,335.06,0.00,
INV-2025-000845,S,5.00,16111.61,805.58,
INV-2025-000846,S,5.00,11986.97,599.35,
INV-2025-000847,S,5.00,91328.63,4566.45,
INV-2025-000848,S,5.00,242676.84,12133.84,
INV-2025-000849,S,5.00,95341.77,4767.08,
INV-2025-000850,S,5.00,12830.94,641.56,
INV-2025-000851,S,5.00,1059.54,52.98,
INV-2025-000852,E,0.00,2069.76,0.00,
INV-2025-000852,S,5.00,1656.63,82.83,
INV-2025-000853,S,5.00,50220.01,2511.01,
INV-2025-000854,E,0.00,223.24,0.00,
INV-2025-000854,S,5.00,51131.28,2556.56,
INV-2025-000855,S,5.00,1269.97,63.50,
INV-2025-000856,S,5.00,46561.54,2328.07,
INV-2025-000857,S,5.00,4543.84,227.19,
INV-2025-000858,S,5.00,18189.82,909.49,
INV-2025-000859,S,5.00,1069.46,53.47,
INV-2025-000860,S,5.00,429.21,21.46,
INV-2025-000861,S,5.00,1597.16,79.86,
INV-2025-000862,S,5.00,1809.36,90.47,
INV-2025-000863,S,5.00,1025.15,51.26,
INV-2025-000864,S,5.00,52.20,2.61,
INV-2025-000865,S,5.00,41841.97,2092.10,
INV-2025-000866,E,0.00,367.73,0.00,
INV-2025-000866,S,5.00,18275.16,913.77,
INV-2025-000867,S,5.00,230.07,11.50,
INV-2025-000868,S,5.00,193.05,9.66,
INV-2025-000869,S,5.00,131.04,6.55,
INV-2025-000870,S,5.00,13766.73,688.34,
INV-2025-000871,S,5.00,20082.25,1004.11,
INV-2025-000872,S,5.00,161.42,8.07,
INV-2025-000873,S,5.00,1880.25,94.01,
INV-2025-000874,S,5.00,18876.85,943.84,
INV-2025-000875,S,5.00,4411.80,220.59,
INV-2025-000875,Z,0.00,14683.50,0.00,
INV-2025-000876,S,5.00,821.42,41.07,
INV-2025-000877,S,5.00,44294.82,2214.74,
INV-2025-000878,S,5.00,7939.18,396.96,
INV-2025-000879,S,5.00,5620.84,281.04,
INV-2025-000880,S,5.00,25022.41,1251.12,
INV-2025-000881,E,0.00,327.35,0.00,
INV-2025-000881,S,5.00,2377.98,118.89,
INV-2025-000882,E,0.00,305.29,0.00,
INV-2025-000882,S,5.00,17821.44,891.07,
INV-2025-000883,S,5.00,276233.44,13811.68,
INV-2025-000884,S,5.00,17745.08,887.25,
INV-2025-000885,S,5.00,4410.73,220.54,
INV-2025-000886,S,5.00,5406.38,270.32,
INV-2025-000887,S,5.00,4878.01,243.90,
INV-2025-000887,Z,0.00,9216.71,0.00,
INV-2025-000888,S,5.00,13437.25,671.86,
INV-2025-000889,S,5.00,217.90,10.90,
INV-2025-000890,S,5.00,22732.50,1136.63,
INV-2025-000891,S,5.00,19356.23,967.81,
INV-2025-000892,Z,0.00,139282.83,0.00,
INV-2025-000893,S,5.00,19836.18,991.81,
INV-2025-000894,S,5.00,1946.26,97.31,
INV-2025-000895,E,0.00,245.89,0.00,
INV-2025-000895,S,5.00,1437.74,71.89,
INV-2025-000896,S,5.00,29330.03,1466.50,
INV-2025-000897,S,5.00,7008.84,350.44,
INV-2025-000898,S,5.00,2654.90,132.75,
INV-2025-000899,E,0.00,1391.94,0.00,
INV-2025-000899,S,5.00,673.66,33.69,
INV-2025-000900,S,5.00,1828.54,91.43,
INV-2025-000901,S,5.00,12819.07,640.95,
INV-2025-000902,S,5.00,1483.04,74.15,
INV-2025-000903,S,5.00,36567.11,1828.35,
INV-2025-000904,S,5.00,157989.99,7899.50,
INV-2025-000905,S,5.00,20803.25,1040.17,
INV-2025-000906,S,5.00,54960.15,2748.01,
INV-2025-000907,E,0.00,1022.71,0.00,
INV-2025-000907,S,5.00,3060.53,153.02,
INV-2025-000908,S,5.00,1392.47,69.62,
INV-2025-000909,S,5.00,8028.91,401.45,
INV-2025-000910,E,0.00,1365.69,0.00,
INV-2025-000910,S,5.00,350.24,17.51,
INV-2025-000911,S,5.00,30518.08,1525.91,
INV-2025-000912,E,0.00,862.24,0.00,
INV-2025-000912,S,5.00,9446.08,472.30,
INV-2025-000913,E,0.00,433.86,0.00,
INV-2025-000913,S,5.00,251.92,12.60,
INV-2025-000914,S,5.00,17446.13,872.30,
INV-2025-000915,S,5.00,27641.17,1382.06,
INV-2025-000916,S,5.00,4178.66,208.93,
INV-2025-000917,E,0.00,14888.00,0.00,
INV-2025-000917,S,5.00,19119.52,955.98,
INV-2025-000918,S,5.00,2422.41,121.12,
INV-2025-000919,S,5.00,25043.08,1252.15,
INV-2025-000920,S,5.00,1046.75,52.34,
INV-2025-000921,S,5.00,83778.65,4188.92,
INV-2025-000922,S,5.00,1207.80,60.39,
INV-2025-000923,S,5.00,10962.74,548.13,
INV-2025-000924,S,5.00,23243.60,1162.18,
INV-2025-000925,S,5.00,278.69,13.93,
INV-2025-000926,S,5.00,897.00,44.85,
INV-2025-000927,S,5.00,3631.65,181.58,
INV-2025-000928,S,5.00,10631.70,531.59,
INV-2025-000929,S,5.00,4579.01,228.95,
INV-2025-000930,S,5.00,9790.00,489.50,
INV-2025-000931,S,5.00,2384.25,119.21,
INV-2025-000932,S,5.00,18987.79,949.40,
INV-2025-000933,S,5.00,1159.52,57.97,
INV-2025-000934,S,5.00,3491.88,174.59,
INV-2025-000934,Z,0.00,23991.43,0.00,
INV-2025-000935,S,5.00,10190.80,509.54,
INV-2025-000936,S,5.00,4306.24,215.32,
INV-2025-000937,S,5.00,61834.68,3091.74,
INV-2025-000938,S,5.00,2363.37,118.16,
INV-2025-000939,S,5.00,4944.42,247.22,
INV-2025-000940,S,5.00,16685.90,834.29,
CN-2025-000001,E,0.00,-273.94,0.00,
CN-2025-000001,S,5.00,-325.96,-16.30,
CN-2025-000002,S,5.00,-1590.50,-79.53,
CN-2025-000003,S,5.00,-1445.63,-72.28,
CN-2025-000004,S,5.00,-886.28,-44.31,
CN-2025-000005,S,5.00,-212.24,-10.61,
CN-2025-000006,S,5.00,-96.74,-4.84,
CN-2025-000007,S,5.00,-224.97,-11.25,
CN-2025-000008,S,5.00,-181.23,-9.06,
CN-2025-000009,S,5.00,-279.85,-13.99,
CN-2025-000010,S,5.00,-10493.26,-524.66,
CN-2025-000011,S,5.00,-15027.15,-751.36,
CN-2025-000012,S,5.00,-54202.46,-2710.12,
CN-2025-000013,S,5.00,-7410.05,-370.50,
CN-2025-000014,S,5.00,-1608.79,-80.44,
CN-2025-000015,S,5.00,-754.78,-37.74,
CN-2025-000016,S,5.00,-235647.33,-11782.37,
CN-2025-000017,S,5.00,-22.33,-1.12,
CN-2025-000018,Z,0.00,-5962.49,0.00,
CN-2025-000019,S,5.00,-7885.01,-394.25,
CN-2025-000020,S,5.00,-7102.21,-355.11,
CN-2025-000021,S,5.00,-746.21,-37.31,
CN-2025-000022,S,5.00,-3753.84,-187.69,
CN-2025-000023,S,5.00,-36.30,-1.82,
CN-2025-000024,S,5.00,-183.51,-9.18,
CN-2025-000025,E,0.00,-628.03,0.00,
CN-2025-000025,S,5.00,-9626.28,-481.31,
CN-2025-000026,S,5.00,-90.10,-4.01,ERR10_VAT_BREAKDOWN_INCONSISTENT
CN-2025-000027,E,0.00,-862.24,0.00,
CN-2025-000028,S,5.00,-36.10,-1.81,
CN-2025-000029,S,5.00,-348.36,-17.42,
CN-2025-000030,S,5.00,-12014.36,-600.72,
CN-2025-000031,Z,0.00,-3418.39,0.00,
CN-2025-000032,S,5.00,-9146.14,-457.31,
CN-2025-000033,S,5.00,-230.49,-11.52,
CN-2025-000034,S,5.00,-281.13,-14.06,
CN-2025-000035,S,5.00,-33501.98,-1675.10,
CN-2025-000036,E,0.00,-310.73,0.00,
CN-2025-000037,S,5.00,-13146.62,-657.33,
CN-2025-000038,S,5.00,-2490.75,-124.54,
CN-2025-000039,S,5.00,-15651.82,-782.59,
CN-2025-000040,S,5.00,-750.85,-37.54,
CN-2025-000041,E,0.00,-1464.67,0.00,
CN-2025-000042,S,5.00,-728.85,-36.44,
CN-2025-000043,S,5.00,-4278.71,-213.94,
CN-2025-000044,S,5.00,-766.94,-38.35,
CN-2025-000045,S,5.00,-1302.16,-65.11,
CN-2025-000046,E,0.00,-4722.04,0.00,
CN-2025-000047,S,5.00,-7678.98,-383.95,
CN-2025-000048,S,5.00,-246.84,-12.34,
CN-2025-000049,S,5.00,-7527.31,-376.37,
CN-2025-000050,S,5.00,-424.72,-21.24,
CN-2025-000051,S,5.00,-20974.16,-1048.71,
CN-2025-000052,S,5.00,-328.53,-16.43,
CN-2025-000053,S,5.00,-56.11,-2.81,
CN-2025-000054,S,5.00,-591.94,-29.60,
CN-2025-000055,S,5.00,-2925.58,-146.28,
CN-2025-000056,S,5.00,-120.53,-6.03,
CN-2025-000057,S,5.00,-8922.84,-446.14,
CN-2025-000058,S,5.00,-62671.90,-3133.60,
CN-2025-000059,S,5.00,-14870.13,-743.51,
CN-2025-000060,S,5.00,-241.84,-12.09,
